email,subject,message
jkbd@kbddsdssd,hsdsdasas,adasadsfaed
jkbd@kbddsdssd,hsdsdasas,adasadsfaed
jkbd@kbddsdssd,hsdsdasas,adasadsfaed
jkbd@kbddsdssd,hsdsdasas,adasadsfaed
jkbd@kbddsdssd,hsdsdasas,adasadsfaed
jkbd@kbddsdssd,hsdsdasas,adasadsfaed
sds@dssd,sds,dsd
sds@dssd,sds,dsd
sds@dssd,sds,dsd
sds@dssd,sds,dsd
pallavi@gmail.com,hello bhaiya,kya hal h
dsd@wew,wew,ewe
sukhvinder@gmail.com,hello,hgckjhbjo;kj
rahul@gmail.com,hello,hello chaudhary!!!
sbdj@jhsbd.djbk,|a,dhgvf|,hkWEVFIU
nishant@sd.hh,gcg,ycvg
sahil@sahil.com,hjgsdjki,|j,hsvdfjks|
